[
    {
        "date": "19/02",
        "imgPath": "../images/blog/b1.jpg",
        "title": "The Cotton-Jersey zip-up hoodie",
        "excerpt": "Kickstarter man braid godard coloring book. Reslette waistocost selfies yrwolf chartreuse hexagon irony, godard....",
        "content": "",
        "id": 1
    },
    {
        "date": "19/03",
        "imgPath": "../images/blog/b2.jpg",
        "title": "The Cotton-Jersey zip-up hoodie",
        "excerpt": "Kickstarter man braid godard coloring book. Reslette waistocost selfies yrwolf chartreuse hexagon irony, godard....",
        "content": "",
        "id": 2
    },
    {
        "date": "19/04",
        "imgPath": "../images/blog/b3.jpg",
        "title": "Most-Have Skater Girl Item ",
        "excerpt": "Kickstarter man braid godard coloring book. Reslette waistocost selfies yrwolf chartreuse hexagon irony, godard....",
        "content": "",
        "id": 3
    },
    {
        "date": "19/05",
        "imgPath": "../images/blog/b4.jpg",
        "title": "Runway Inspired Trends  ",
        "excerpt": " Kickstarter man braid godard coloring book. Reslette waistocost selfies yrwolf chartreuse hexagon irony, godard.... ",
        "content": "",
        "id": 4
    },
    {
        "date": "19/06",
        "imgPath": "../images/blog/b5.jpg",
        "title": "Runway Inspired Trends  ",
        "excerpt": " Kickstarter man braid godard coloring book. Reslette waistocost selfies yrwolf chartreuse hexagon irony, godard.... ",
        "content": "",
        "id": 5
    },
    {
        "date": "19/07",
        "imgPath": "../images/blog/b6.jpg",
        "title": "Cotton-Jersey Suit Match Cloth ",
        "excerpt": " Kickstarter man braid godard coloring book. Reslette waistocost selfies yrwolf chartreuse hexagon irony, godard....  ",
        "content": "",
        "id": 6
    },
    {
        "date": "19/08",
        "imgPath": "../images/blog/b7.jpg",
        "title": "AW20 Menswear Trends  ",
        "excerpt": "  Kickstarter man braid godard coloring book. Reslette waistocost selfies yrwolf chartreuse hexagon irony, godard....        ",
        "content": "",
        "id": 7
    }



]
